id,name
1,Tabitha Lamb
2,Damon Gallegos
3,Nicole Pham
4,Megan Warner
5,Clinton Mann
6,David Kline
7,Mr. Alexander Walker
8,Kirsten Anderson
9,Pamela Cunningham
10,Sherry Boyd
11,James Ochoa
12,Melissa Rogers
13,Destiny Klein
14,Kevin Allison
15,Kevin Ramirez
16,Luis Holmes
17,David Walls
18,Tracy Rivera
19,Courtney Torres
20,Justin Harris
21,Brian Meyer
22,Nathan Dunn
23,Peter Kelley
24,David Pennington
25,Michael Warner DDS
26,Tanner Clark
27,Stephen Campbell
28,Justin Weaver
29,Andrew Bennett
30,Andrew Padilla
31,Mr. Stephen Little
32,Vickie Ford
33,Erik Page
34,Melissa Brown
35,Rebekah Castro
36,Vanessa Ashley
37,Jeremy Montgomery
38,Frederick Case
39,Karen Mclean
40,Christine Stewart
41,Randy Manning
42,Walter Anderson
43,Alex Kim
44,Austin Gonzalez
45,Thomas Simmons
46,Mark Alexander
47,Tracy Chase
48,Christopher Cooke
49,Jessica Jones
50,Amy Fuller
51,Melissa Erickson
52,Joshua Glover
53,Jay Williams
54,Matthew Trevino
55,Maureen Taylor
56,Daniel Douglas
57,Michelle Savage
58,Barbara Oneal
59,John Gibbs Jr.
60,Shannon Anderson
61,Sherry Davis
62,Stephanie Michael
63,Lucas Stuart
64,Jeremy Burke
65,Kathryn Skinner
66,Timothy Wheeler
67,Richard Burns
68,Mr. Logan Juarez
69,Angela Peterson
70,Todd Wright
71,Kimberly Cook
72,Robin Nelson
73,Amanda Freeman
74,Sherry Glover
75,Tricia Wilson
76,Isabel Green
77,Chris Rose
78,Matthew Mathis
79,Mary Riley
80,Amy Bradley
81,Monica Thomas
82,Kenneth Glass
83,Heather Smith
84,Erin Roman
85,Pamela Hall
86,Mr. Timothy Greer
87,Katherine Lloyd
88,Kenneth Jones
89,Cindy Sanchez
90,Danielle Salinas
91,Lynn Navarro
92,Kimberly Shields
93,Morgan Gilbert
94,Emily Carr
95,Janet Charles
96,Vanessa Vang
97,Jonathon Montes
98,Jackie Moore
99,Kyle Jimenez
100,Christian Harris
101,Timothy Graves
102,Christine Brown
103,Danielle Boyd
104,Tyler Johnson
105,Patrick Torres
106,Jonathan Phillips
107,Andrea Hale MD
108,Joseph Tanner
109,Tiffany Solis
110,Donna Woods
111,Derek Chan
112,Allison Smith
113,Jose Pugh
114,Alison Johnson
115,Monica Morris
116,Maria Howard
117,Gary Levy
118,Todd Bradford
119,Robert Diaz
120,Laura Hoover
121,Scott Heath
122,William Diaz
123,Mrs. Jessica Walter
124,Sarah Howard
125,Michael Gomez
126,Joshua Moore
127,Mr. Jeffrey Medina
128,Ashley Harris
129,Susan Bell
130,Todd Miller
131,John Moore
132,Samantha Mata
133,Caleb Brown
134,Leah Williams
135,Caleb Miranda
136,Janice Wright
137,Victor Shelton
138,Michael Gill
139,Joseph Villa
140,John Rocha
141,Rebekah Roberts
142,Antonio Wright
143,Matthew Hughes
144,Theresa Lynn
145,Christine Smith
146,Elizabeth Clark
147,Joanna Hicks
148,Sara Hill
149,Jennifer Arroyo
150,Miss Kimberly Green
151,Maria Williams
152,Brian Wheeler
153,Michelle Reilly
154,Erin Harris
155,Jill Roberts
156,Chelsea Perry
157,Aaron Smith
158,Brenda Lynn
159,Larry Keith
160,Christine Brewer
161,Gina Holmes
162,Jennifer Nelson
163,Robert Gomez
164,Michele Diaz
165,Tammy Stewart
166,Randy Robinson
167,Bradley Young
168,Jennifer Castaneda
169,Jeffery Marsh
170,Johnny Jones
171,Carol Stokes
172,Paul Thomas
173,Briana Gonzalez
174,Sarah Mckinney
175,Gary Martinez
176,Ashley Browning
177,Tanya Barnes
178,Sarah Gonzalez
179,Christine Harding
180,Misty Copeland
181,Amanda Burch
182,Corey Ford
183,Carolyn Carrillo
184,Stephen Sanders
185,Jason White
186,Max Wood
187,Adrienne Wells
188,Jesus Roberts
189,Kendra Edwards
190,Ryan Grimes Jr.
191,Michael Villa
192,Lisa Copeland
193,Tiffany Jackson
194,Susan Jones
195,Elizabeth Jimenez
196,Monica Gray
197,Scott Herrera
198,Richard Ramirez Jr.
199,Elizabeth Allen
200,Carlos Gallegos
201,Michael Hensley
202,Chad Miller
203,Tyler Robinson
204,Nicole Miller MD
205,Travis Wagner
206,William George
207,Michael Williams Jr.
208,Susan Phillips
209,Janet Yu
210,Roberto Flores
211,Andrea Johnson
212,Matthew Figueroa
213,Patrick Dougherty
214,Kimberly Wright
215,Bryan Trujillo
216,Christie Washington
217,Brooke Johnson
218,Stephen Mercado
219,Michael Smith
220,Rita Lopez
221,Jonathan Solis
222,Carol Miller
223,Maria Lopez
224,Matthew Evans
225,Brandon Lopez
226,Deborah Pope
227,Ryan Johnson
228,Tyler Golden
229,Anne Evans
230,William Lewis
231,Brooke Martin
232,Eileen Fletcher
233,Amanda Sanchez
234,Ralph Sandoval
235,Jessica Nichols
236,William Phillips
237,Sherri Stout
238,Haley Smith
239,Julian Spencer
240,Matthew Grimes
241,Kathleen Johnson
242,Robert Mcdowell
243,Joel Bryant
244,Maria Solomon
245,Jeffrey Hill
246,Hannah White
247,Bianca Robles
248,Faith Nguyen
249,William Bradford
250,Cynthia Ford
251,Juan Santos
252,William Robinson
253,Emily Dominguez
254,Anthony Higgins
255,Joseph Evans
256,Dale Jones
257,Juan Richards
258,Willie Mathis
259,Amy Howard
260,Claudia Simpson
261,Matthew Williams
262,Willie Ross
263,Mark Sanchez DDS
264,Natalie Turner
265,Ronald Johnson
266,Joseph Burke
267,Nicholas Mccoy
268,Alexis Owen
269,Angela Morgan
270,Jenna Garcia
271,Andres Morse
272,Jennifer Patel
273,Nicholas Acosta
274,Wayne Mcguire
275,John Patterson
276,Sandra Davis
277,Linda Howard
278,Jessica Anderson
279,Joshua Alexander
280,Patricia Rowe
281,Gerald Wood
282,Elizabeth Peters
283,Tina Horn
284,Heather Navarro
285,Kelly Martinez
286,Paige Robinson
287,Robert Jones
288,Patricia Silva
289,Michael Hayes
290,James Baker
291,Melissa Anderson MD
292,Parker Hogan
293,Alison Sullivan
294,John Holland
295,Jaime Garcia
296,Shirley Smith
297,Madison West
298,Margaret Martin
299,Jesse Garcia
300,George Johnson
301,Carolyn Jackson
302,Amy Bradley
303,Mary Hess
304,Bradley Miller
305,Nathan Nguyen
306,Sarah Delgado
307,Christopher Gonzalez Jr.
308,Ralph Robinson
309,Christopher Rogers
310,Rachel Wood
311,Judy Sullivan
312,Tammy Roberts
313,Tyler Wright
314,Tara Dyer
315,Cindy Gordon
316,Mark Robinson
317,Eric Kelly
318,Mikayla Bray
319,Colleen Carter
320,Jacob Moore
321,Debbie Sullivan
322,Mrs. Rachel Ellis
323,John Black
324,Michael Charles
325,Danielle Hill
326,Devon King
327,Antonio Frazier
328,Brandi Miller
329,Justin Mata
330,James Gonzalez
331,Barbara Maldonado
332,Elizabeth Griffin
333,Matthew Ortiz
334,Charles Simmons
335,Lisa Guerrero
336,Willie King
337,Edwin Johnson
338,Ashley Holder
339,Scott Lloyd
340,Debra Young
341,Amy Gill
342,Christopher Nguyen
343,Melinda Simmons
344,Jeremy Gutierrez
345,Matthew Stanley
346,Annette Martinez
347,Phyllis Leblanc
348,Madeline Harrington
349,Frank Allen
350,Christopher Cherry
351,Taylor Brooks
352,Rebecca Peters
353,Joshua Duncan
354,Megan Hill
355,Terry Owens
356,Marisa Bright
357,Sara Daniels
358,Jessica Santana
359,Joanna Shepard
360,Vanessa Hutchinson
361,Christian Clark
362,Donald Green
363,Thomas Garcia
364,Jose Ford
365,Danielle Phillips
366,Brenda Clark
367,Elizabeth Gilbert
368,Connie Myers
369,Stephanie Carr
370,Cathy Orozco
371,Andrew Gonzalez
372,Mark Beard
373,Mary Weiss MD
374,Angela Burgess
375,Elizabeth Brown
376,Gregory Edwards
377,Barbara Short
378,Craig Powell
379,Mark Watkins
380,Donna Huang
381,Matthew Rodriguez
382,Emily Hutchinson
383,Jose Vance
384,Brittney Hall
385,Elizabeth Murphy
386,Michael Nelson
387,Jessica Shaw
388,Sherri Mendoza
389,Vanessa Peters
390,Jason Hansen
391,Linda Hill
392,Amanda Fields
393,Erin Howard
394,Claudia Espinoza
395,Ashley Fuentes
396,Samantha Morgan
397,Heather Clark
398,Tracy Brooks
399,Ryan Griffin
400,Kimberly Walker
401,Andrew Walker
402,Mary Bishop
403,Dana Anderson
404,Tyler Lopez
405,Jennifer Woodard
406,Scott Fields
407,Keith Hart
408,Kyle Perez
409,Thomas Mccarthy
410,Steven Haynes
411,Troy Bruce
412,Christine Miles
413,Brett Johnson
414,Antonio Wilson
415,Amanda Taylor
416,Wendy Martin
417,Eric Rogers
418,Nathaniel Krueger
419,Dwayne Chaney
420,Matthew Williams
421,Mrs. Danielle Golden
422,Mark Morton
423,Daniel Bailey
424,Christopher Harrington
425,Terri Cunningham
426,Jacob Adams
427,Melinda Mayo
428,Bradley Lucero
429,Michael Decker
430,Stephanie Gutierrez
431,Cynthia Kim
432,Dr. Carolyn Hale MD
433,Kyle Jones
434,Andrea Ortiz
435,Mary Daniels
436,Jennifer Jordan
437,Joshua Silva
438,Dustin Burton
439,Nicholas Escobar
440,Ryan Osborn
441,James Morris
442,Hayley Herrera
443,Samantha Washington
444,Thomas Peters
445,Thomas Jackson
446,Ryan Simpson II
447,Jenny Lawrence
448,Jordan Carey
449,Maria Rich
450,Gabriela Gonzalez
451,Christopher Chandler
452,Crystal Wallace
453,Jennifer Woods
454,Mark Johnson
455,Courtney Maxwell
456,Samantha Cain
457,Kevin Ayers DDS
458,Amber Vasquez
459,Ronald Jones
460,Julian Allen
461,Gary Rice
462,Kelly Lloyd
463,Andrea Robinson
464,Brittany Collins
465,Brittany Shields
466,Samuel Jones
467,Pamela Skinner
468,Michele Lopez
469,Calvin Suarez
470,Keith Gray
471,Mr. Michael Graham
472,Vanessa Payne
473,Alison Thomas
474,Austin Simmons
475,Dale Hicks
476,Carlos Perkins
477,Kenneth Johnson
478,Karen Perry
479,Wendy Young
480,Mr. Joseph Stephens
481,Lori Harris
482,Randy Ferguson
483,Joseph Young
484,Shaun Short
485,Lisa Smith
486,Joanna Barnett
487,Christina Wilson
488,Joe Vargas
489,Justin Vargas
490,Ashley Brock
491,Tricia Sullivan
492,Diane Rivera
493,Katie Hester
494,Cody Washington
495,Sandra Hamilton
496,Regina Perkins
497,Sandra Russell
498,Sherry Boyd
499,Jonathan Saunders
500,Jessica Williams
